dataset,seed,n_train,n_val,n_test,epochs_run,best_epoch,train_time_s,train_loss,val_loss,test_loss,train_accuracy,train_precision,train_recall,train_f1,train_tn,train_fp,train_fn,train_tp,val_accuracy,val_precision,val_recall,val_f1,val_tn,val_fp,val_fn,val_tp,test_accuracy,test_precision,test_recall,test_f1,test_tn,test_fp,test_fn,test_tp
Gaussian_2D_Wide,0,120,40,40,970,920,0.8169412349999448,8.883741485025978e-05,1.5187382886676585e-05,1.819906235336092e-05,1.0,1.0,1.0,1.0,60,0,0,60,1.0,1.0,1.0,1.0,20,0,0,20,1.0,1.0,1.0,1.0,20,0,0,20
Gaussian_2D_Wide,1,120,40,40,1000,996,0.8327462040000455,8.309708886758566e-05,0.00015068949110838304,7.868289359915624e-05,1.0,1.0,1.0,1.0,60,0,0,60,1.0,1.0,1.0,1.0,20,0,0,20,1.0,1.0,1.0,1.0,20,0,0,20
Gaussian_2D_Wide,2,120,40,40,1000,1000,0.8910415039999862,7.051613771379467e-05,0.0003425671561724206,2.9872107872701014e-05,1.0,1.0,1.0,1.0,60,0,0,60,1.0,1.0,1.0,1.0,20,0,0,20,1.0,1.0,1.0,1.0,20,0,0,20
Gaussian_2D_Wide,3,120,40,40,1000,995,0.8860401510000315,8.007099227822576e-05,0.00014081941658986995,1.9932291477966727e-05,1.0,1.0,1.0,1.0,60,0,0,60,1.0,1.0,1.0,1.0,20,0,0,20,1.0,1.0,1.0,1.0,20,0,0,20
Gaussian_2D_Wide,4,120,40,40,1000,992,0.8672459940000294,7.251958111791125e-05,0.00010297637733004436,8.51886549792659e-06,1.0,1.0,1.0,1.0,60,0,0,60,1.0,1.0,1.0,1.0,20,0,0,20,1.0,1.0,1.0,1.0,20,0,0,20
Gaussian_2D_Wide,5,120,40,40,1000,998,0.8561148069999831,6.369769751081768e-05,0.0006472120707990857,1.9880379784456626e-05,1.0,1.0,1.0,1.0,60,0,0,60,1.0,1.0,1.0,1.0,20,0,0,20,1.0,1.0,1.0,1.0,20,0,0,20
Gaussian_2D_Wide,6,120,40,40,1000,999,0.849517818000038,6.102051975106859e-05,0.0007955528154041927,4.03796768687806e-05,1.0,1.0,1.0,1.0,60,0,0,60,1.0,1.0,1.0,1.0,20,0,0,20,1.0,1.0,1.0,1.0,20,0,0,20
Gaussian_2D_Wide,7,120,40,40,945,895,0.7844976279999969,9.481678719457333e-05,1.2840900106550647e-05,0.00010928428773549841,1.0,1.0,1.0,1.0,60,0,0,60,1.0,1.0,1.0,1.0,20,0,0,20,1.0,1.0,1.0,1.0,20,0,0,20
Gaussian_2D_Wide,8,120,40,40,1000,991,0.9040274469999758,6.997161893137714e-05,3.249325997570255e-05,0.00035808079143744546,1.0,1.0,1.0,1.0,60,0,0,60,1.0,1.0,1.0,1.0,20,0,0,20,1.0,1.0,1.0,1.0,20,0,0,20
Gaussian_2D_Wide,9,120,40,40,1000,990,0.8721711209999512,6.736046580596488e-05,0.00010765642028281079,0.0006019685930960027,1.0,1.0,1.0,1.0,60,0,0,60,1.0,1.0,1.0,1.0,20,0,0,20,1.0,1.0,1.0,1.0,20,0,0,20
Gaussian_2D_Wide,10,120,40,40,1000,986,0.8293546849999984,8.203527246257778e-05,1.6557849238728267e-05,1.8885819856646517e-05,1.0,1.0,1.0,1.0,60,0,0,60,1.0,1.0,1.0,1.0,20,0,0,20,1.0,1.0,1.0,1.0,20,0,0,20
Gaussian_2D_Wide,11,120,40,40,1000,996,0.8251760680000189,7.806345914160015e-05,9.486736853420903e-05,1.3075190371697313e-05,1.0,1.0,1.0,1.0,60,0,0,60,1.0,1.0,1.0,1.0,20,0,0,20,1.0,1.0,1.0,1.0,20,0,0,20
Gaussian_2D_Wide,12,120,40,40,1000,992,0.824855929000023,8.763712001837682e-05,9.196645220068969e-05,2.4036150313926563e-05,1.0,1.0,1.0,1.0,60,0,0,60,1.0,1.0,1.0,1.0,20,0,0,20,1.0,1.0,1.0,1.0,20,0,0,20
Gaussian_2D_Wide,13,120,40,40,1000,990,0.8275179460000004,7.990528182865246e-05,3.647187312107465e-05,0.00014676484862063648,1.0,1.0,1.0,1.0,60,0,0,60,1.0,1.0,1.0,1.0,20,0,0,20,1.0,1.0,1.0,1.0,20,0,0,20
Gaussian_2D_Wide,14,120,40,40,1000,992,0.8967965980000372,7.012489637537433e-05,6.757016781825219e-05,0.0009766108161650105,1.0,1.0,1.0,1.0,60,0,0,60,1.0,1.0,1.0,1.0,20,0,0,20,1.0,1.0,1.0,1.0,20,0,0,20
Gaussian_2D_Wide,15,120,40,40,1000,1000,0.9258138309999708,5.7192140714097394e-05,0.0019398900897137981,0.00029464320389755843,1.0,1.0,1.0,1.0,60,0,0,60,1.0,1.0,1.0,1.0,20,0,0,20,1.0,1.0,1.0,1.0,20,0,0,20
Gaussian_2D_Wide,16,120,40,40,1000,965,0.9120300129999919,6.970641325803385e-05,2.346941452279892e-05,0.0003022599300762187,1.0,1.0,1.0,1.0,60,0,0,60,1.0,1.0,1.0,1.0,20,0,0,20,1.0,1.0,1.0,1.0,20,0,0,20
Gaussian_2D_Wide,17,120,40,40,1000,998,0.8897788410000089,6.519516527802884e-05,0.0003900236998688287,2.9521870409405302e-05,1.0,1.0,1.0,1.0,60,0,0,60,1.0,1.0,1.0,1.0,20,0,0,20,1.0,1.0,1.0,1.0,20,0,0,20
Gaussian_2D_Wide,18,120,40,40,924,874,0.75839882300005,9.972611923102084e-05,1.3416490594629095e-05,5.3685543026462574e-05,1.0,1.0,1.0,1.0,60,0,0,60,1.0,1.0,1.0,1.0,20,0,0,20,1.0,1.0,1.0,1.0,20,0,0,20
Gaussian_2D_Wide,19,120,40,40,1000,998,0.9209110410000108,8.138369737539397e-05,0.0001373671089850809,2.6188767307357837e-05,1.0,1.0,1.0,1.0,60,0,0,60,1.0,1.0,1.0,1.0,20,0,0,20,1.0,1.0,1.0,1.0,20,0,0,20
Gaussian_2D_Wide,20,120,40,40,1000,994,0.8679497520000155,6.455307675476926e-05,9.534015924628393e-05,0.00020614550510769246,1.0,1.0,1.0,1.0,60,0,0,60,1.0,1.0,1.0,1.0,20,0,0,20,1.0,1.0,1.0,1.0,20,0,0,20
Gaussian_2D_Wide,21,120,40,40,692,642,0.6156787300000133,0.00012460704971538342,9.969007953888747e-06,3.071538907937802e-05,1.0,1.0,1.0,1.0,60,0,0,60,1.0,1.0,1.0,1.0,20,0,0,20,1.0,1.0,1.0,1.0,20,0,0,20
Gaussian_2D_Wide,22,120,40,40,1000,998,0.8893044280000026,8.220761054500546e-05,0.00015196647304628543,4.126603641167033e-05,1.0,1.0,1.0,1.0,60,0,0,60,1.0,1.0,1.0,1.0,20,0,0,20,1.0,1.0,1.0,1.0,20,0,0,20
Gaussian_2D_Wide,23,120,40,40,1000,994,0.828126219000012,5.956266980727996e-05,2.691057161875672e-05,0.0006221341040179905,1.0,1.0,1.0,1.0,60,0,0,60,1.0,1.0,1.0,1.0,20,0,0,20,1.0,1.0,1.0,1.0,20,0,0,20
Gaussian_2D_Wide,24,120,40,40,1000,999,0.8791284540000106,6.117958753648015e-05,0.0002847556261212623,0.0001487285967998445,1.0,1.0,1.0,1.0,60,0,0,60,1.0,1.0,1.0,1.0,20,0,0,20,1.0,1.0,1.0,1.0,20,0,0,20
Gaussian_2D_Wide,25,120,40,40,1000,1000,0.8527396979999935,5.658824634663416e-05,0.0008224304220599092,5.706211109969575e-05,1.0,1.0,1.0,1.0,60,0,0,60,1.0,1.0,1.0,1.0,20,0,0,20,1.0,1.0,1.0,1.0,20,0,0,20
Gaussian_2D_Wide,26,120,40,40,1000,1000,0.8157582270000034,7.571248651069478e-05,0.0001201174056444837,1.8296641817575695e-05,1.0,1.0,1.0,1.0,60,0,0,60,1.0,1.0,1.0,1.0,20,0,0,20,1.0,1.0,1.0,1.0,20,0,0,20
Gaussian_2D_Wide,27,120,40,40,1000,999,0.82818367699997,6.133514862833046e-05,0.0011393826001844791,0.00026451339253034023,1.0,1.0,1.0,1.0,60,0,0,60,1.0,1.0,1.0,1.0,20,0,0,20,1.0,1.0,1.0,1.0,20,0,0,20
Gaussian_2D_Wide,28,120,40,40,1000,998,0.8257564819999743,7.458104397754284e-05,0.0001558038189830567,3.53744400308173e-05,1.0,1.0,1.0,1.0,60,0,0,60,1.0,1.0,1.0,1.0,20,0,0,20,1.0,1.0,1.0,1.0,20,0,0,20
Gaussian_2D_Wide,29,120,40,40,1000,992,0.8321158300000207,6.897873905871711e-05,4.334660048183137e-05,0.0002855213012900811,1.0,1.0,1.0,1.0,60,0,0,60,1.0,1.0,1.0,1.0,20,0,0,20,1.0,1.0,1.0,1.0,20,0,0,20
Gaussian_2D_Narrow,0,120,40,40,833,783,0.6842813349999801,0.00017129112514869448,1.0588930919925853e-05,0.036234500407753875,1.0,1.0,1.0,1.0,60,0,0,60,1.0,1.0,1.0,1.0,20,0,0,20,0.975,1.0,0.95,0.9743589743589743,20,0,1,19
Gaussian_2D_Narrow,1,120,40,40,1000,995,0.8206766389999984,0.00013471787276759874,0.00015830339960200558,0.03522626435378158,1.0,1.0,1.0,1.0,60,0,0,60,1.0,1.0,1.0,1.0,20,0,0,20,0.975,1.0,0.95,0.9743589743589743,20,0,1,19
Gaussian_2D_Narrow,2,120,40,40,389,339,0.31801542099998414,0.0008765415774122452,0.004955503920216319,2.1850754976216136e-05,1.0,1.0,1.0,1.0,60,0,0,60,1.0,1.0,1.0,1.0,20,0,0,20,1.0,1.0,1.0,1.0,20,0,0,20
Gaussian_2D_Narrow,3,120,40,40,983,933,0.8036745549999864,0.00028153801253850074,9.771259886255201e-06,0.012321471267837187,1.0,1.0,1.0,1.0,60,0,0,60,1.0,1.0,1.0,1.0,20,0,0,20,1.0,1.0,1.0,1.0,20,0,0,20
Gaussian_2D_Narrow,4,120,40,40,1000,992,0.8244253619999995,0.0004057256706915807,3.014877527859548e-05,6.924945839237439e-06,1.0,1.0,1.0,1.0,60,0,0,60,1.0,1.0,1.0,1.0,20,0,0,20,1.0,1.0,1.0,1.0,20,0,0,20
Gaussian_2D_Narrow,5,120,40,40,960,910,0.8103804809999815,0.00037347353757438375,9.251707810426591e-06,1.5641051923757444e-06,1.0,1.0,1.0,1.0,60,0,0,60,1.0,1.0,1.0,1.0,20,0,0,20,1.0,1.0,1.0,1.0,20,0,0,20
Gaussian_2D_Narrow,6,120,40,40,184,134,0.15027520300003516,0.0011249026558759006,0.013236438425374437,0.0018857841222302267,1.0,1.0,1.0,1.0,60,0,0,60,1.0,1.0,1.0,1.0,20,0,0,20,1.0,1.0,1.0,1.0,20,0,0,20
Gaussian_2D_Narrow,7,120,40,40,79,29,0.06462761799997452,0.003907827584830461,0.013224640170332976,0.010185411438209524,1.0,1.0,1.0,1.0,60,0,0,60,1.0,1.0,1.0,1.0,20,0,0,20,1.0,1.0,1.0,1.0,20,0,0,20
Gaussian_2D_Narrow,8,120,40,40,1000,998,0.8377250249999975,9.120773485451496e-05,0.0014271667129230074,0.018554445560222513,1.0,1.0,1.0,1.0,60,0,0,60,1.0,1.0,1.0,1.0,20,0,0,20,0.975,1.0,0.95,0.9743589743589743,20,0,1,19
Gaussian_2D_Narrow,9,120,40,40,483,433,0.3954153560000009,0.00053531993137352,0.0013993958777895848,0.012426007503172616,1.0,1.0,1.0,1.0,60,0,0,60,1.0,1.0,1.0,1.0,20,0,0,20,1.0,1.0,1.0,1.0,20,0,0,20
Gaussian_2D_Narrow,10,120,40,40,584,534,0.47644051100002116,0.0007315010530353039,4.29648252322732e-06,3.663457136686311e-06,1.0,1.0,1.0,1.0,60,0,0,60,1.0,1.0,1.0,1.0,20,0,0,20,1.0,1.0,1.0,1.0,20,0,0,20
Gaussian_2D_Narrow,11,120,40,40,90,40,0.0737387789999957,0.0035200217407126634,0.019929080421054866,0.0013762127352515302,1.0,1.0,1.0,1.0,60,0,0,60,1.0,1.0,1.0,1.0,20,0,0,20,1.0,1.0,1.0,1.0,20,0,0,20
Gaussian_2D_Narrow,12,120,40,40,1000,999,0.839988629000004,8.869313707548383e-05,0.0019144060039406473,0.01558465599111054,1.0,1.0,1.0,1.0,60,0,0,60,1.0,1.0,1.0,1.0,20,0,0,20,1.0,1.0,1.0,1.0,20,0,0,20
Gaussian_2D_Narrow,13,120,40,40,57,7,0.046760065999990275,0.011489770131592698,0.014109288252587521,0.015515681435469775,1.0,1.0,1.0,1.0,60,0,0,60,1.0,1.0,1.0,1.0,20,0,0,20,1.0,1.0,1.0,1.0,20,0,0,20
Gaussian_2D_Narrow,14,120,40,40,584,534,0.4923026650000111,0.0005505678208524627,4.790082374179466e-06,0.0048500327405807475,1.0,1.0,1.0,1.0,60,0,0,60,1.0,1.0,1.0,1.0,20,0,0,20,1.0,1.0,1.0,1.0,20,0,0,20
Gaussian_2D_Narrow,15,120,40,40,194,144,0.1596180690000324,0.0019363579192570276,0.010172172221896422,0.000379768171279414,1.0,1.0,1.0,1.0,60,0,0,60,1.0,1.0,1.0,1.0,20,0,0,20,1.0,1.0,1.0,1.0,20,0,0,20
Gaussian_2D_Narrow,16,120,40,40,751,701,0.6108142960000009,0.00042129032725600273,6.004720975155342e-06,0.00502281077968074,1.0,1.0,1.0,1.0,60,0,0,60,1.0,1.0,1.0,1.0,20,0,0,20,1.0,1.0,1.0,1.0,20,0,0,20
Gaussian_2D_Narrow,17,120,40,40,107,57,0.08812636099997917,0.0022338909081561593,0.017008062933190595,0.002109654619793814,1.0,1.0,1.0,1.0,60,0,0,60,1.0,1.0,1.0,1.0,20,0,0,20,1.0,1.0,1.0,1.0,20,0,0,20
Gaussian_2D_Narrow,18,120,40,40,123,73,0.1158907870000121,0.002125815924321992,0.014025900419598688,0.0012269782148178854,1.0,1.0,1.0,1.0,60,0,0,60,1.0,1.0,1.0,1.0,20,0,0,20,1.0,1.0,1.0,1.0,20,0,0,20
Gaussian_2D_Narrow,19,120,40,40,1000,1000,0.8215018230000055,8.84039633461243e-05,0.001059789486820177,0.02828957195324509,1.0,1.0,1.0,1.0,60,0,0,60,1.0,1.0,1.0,1.0,20,0,0,20,0.975,1.0,0.95,0.9743589743589743,20,0,1,19
Gaussian_2D_Narrow,20,120,40,40,1000,994,0.8158222179999939,8.54774799419373e-05,3.48024921815945e-05,0.02399362182287299,1.0,1.0,1.0,1.0,60,0,0,60,1.0,1.0,1.0,1.0,20,0,0,20,0.975,1.0,0.95,0.9743589743589743,20,0,1,19
Gaussian_2D_Narrow,21,120,40,40,1000,983,0.8759546449999789,0.0003784739558657921,2.0630783002080983e-05,5.531620844886111e-07,1.0,1.0,1.0,1.0,60,0,0,60,1.0,1.0,1.0,1.0,20,0,0,20,1.0,1.0,1.0,1.0,20,0,0,20
Gaussian_2D_Narrow,22,120,40,40,65,15,0.05277487299997574,0.007968439329534175,0.017815844719003462,0.0032794756603639714,1.0,1.0,1.0,1.0,60,0,0,60,1.0,1.0,1.0,1.0,20,0,0,20,1.0,1.0,1.0,1.0,20,0,0,20
Gaussian_2D_Narrow,23,120,40,40,58,8,0.04721251200004417,0.0129926775491322,0.019355566184291056,0.01599223412657893,1.0,1.0,1.0,1.0,60,0,0,60,1.0,1.0,1.0,1.0,20,0,0,20,1.0,1.0,1.0,1.0,20,0,0,20
Gaussian_2D_Narrow,24,120,40,40,828,778,0.7444891979999966,0.00036322648368847563,8.114042628179336e-06,0.020049575546897576,1.0,1.0,1.0,1.0,60,0,0,60,1.0,1.0,1.0,1.0,20,0,0,20,0.975,0.9523809523809523,1.0,0.975609756097561,19,1,0,20
Gaussian_2D_Narrow,25,120,40,40,228,178,0.2164121410000348,0.0016703290882166414,0.006720013427480657,6.955510588236812e-05,1.0,1.0,1.0,1.0,60,0,0,60,1.0,1.0,1.0,1.0,20,0,0,20,1.0,1.0,1.0,1.0,20,0,0,20
Gaussian_2D_Narrow,26,120,40,40,886,836,0.8333977629999936,0.00042093419561215183,7.515631621961863e-06,1.0438302622460014e-06,1.0,1.0,1.0,1.0,60,0,0,60,1.0,1.0,1.0,1.0,20,0,0,20,1.0,1.0,1.0,1.0,20,0,0,20
Gaussian_2D_Narrow,27,120,40,40,100,50,0.08277132699998901,0.003987391157044614,0.011066125536094252,0.001688100578530137,1.0,1.0,1.0,1.0,60,0,0,60,1.0,1.0,1.0,1.0,20,0,0,20,1.0,1.0,1.0,1.0,20,0,0,20
Gaussian_2D_Narrow,28,120,40,40,1000,1000,0.8990744189999873,9.093380157884499e-05,0.0018528875231379547,0.016572517003446453,1.0,1.0,1.0,1.0,60,0,0,60,1.0,1.0,1.0,1.0,20,0,0,20,1.0,1.0,1.0,1.0,20,0,0,20
Gaussian_2D_Narrow,29,120,40,40,1000,987,0.8178510160000201,0.0001340187484508806,1.6821974400516474e-05,0.04819295068199964,1.0,1.0,1.0,1.0,60,0,0,60,1.0,1.0,1.0,1.0,20,0,0,20,0.975,1.0,0.95,0.9743589743589743,20,0,1,19
Gaussian_2D_Overlap,0,120,40,40,68,18,0.05530407699995976,0.18266844973540472,0.16876859831959357,0.13997440206168238,0.9333333333333333,0.9482758620689655,0.9166666666666666,0.9322033898305084,57,3,5,55,0.925,0.8695652173913043,1.0,0.9302325581395349,17,3,0,20,0.925,0.9473684210526315,0.9,0.9230769230769231,19,1,2,18
Gaussian_2D_Overlap,1,120,40,40,54,4,0.044631903999970746,0.18872598335071966,0.21649825374993034,0.14828489225630878,0.9166666666666666,0.9032258064516129,0.9333333333333333,0.9180327868852459,54,6,4,56,0.95,0.9090909090909091,1.0,0.9523809523809523,18,2,0,20,0.95,1.0,0.9,0.9473684210526316,20,0,2,18
Gaussian_2D_Overlap,2,120,40,40,57,7,0.04669114500001115,0.18850366673968472,0.1237287408102907,0.19527628501958771,0.9166666666666666,0.890625,0.95,0.9193548387096774,53,7,3,57,0.95,0.9090909090909091,1.0,0.9523809523809523,18,2,0,20,0.95,0.95,0.95,0.9500000000000001,19,1,1,19
Gaussian_2D_Overlap,3,120,40,40,52,2,0.042590765999989344,0.18240502547740084,0.3122276943954987,0.20445630877824744,0.925,0.9180327868852459,0.9333333333333333,0.9256198347107439,55,5,4,56,0.925,0.9047619047619048,0.95,0.9268292682926829,18,2,1,19,0.95,0.9090909090909091,1.0,0.9523809523809523,18,2,0,20
Gaussian_2D_Overlap,4,120,40,40,52,2,0.04230670399999781,0.2133137117626402,0.24528288720405195,0.06167619808425341,0.9,0.8636363636363636,0.95,0.9047619047619048,51,9,3,57,0.925,0.9047619047619048,0.95,0.9268292682926829,18,2,1,19,1.0,1.0,1.0,1.0,20,0,0,20
Gaussian_2D_Overlap,5,120,40,40,101,51,0.08206832099995154,0.14555486001760964,0.17498254745363062,0.18885882271336757,0.9416666666666667,0.9076923076923077,0.9833333333333333,0.944,54,6,1,59,0.925,0.9473684210526315,0.9,0.9230769230769231,19,1,2,18,0.925,0.8695652173913043,1.0,0.9302325581395349,17,3,0,20
Gaussian_2D_Overlap,6,120,40,40,53,3,0.043061338000029536,0.1367144115813426,0.3188485772222078,0.21222620069084241,0.9666666666666667,0.9375,1.0,0.967741935483871,56,4,0,60,0.825,0.8095238095238095,0.85,0.8292682926829269,16,4,3,17,0.925,0.9047619047619048,0.95,0.9268292682926829,18,2,1,19
Gaussian_2D_Overlap,7,120,40,40,52,2,0.04268936900001563,0.17916166003996162,0.26485449715386417,0.14830107560463007,0.9333333333333333,0.9482758620689655,0.9166666666666666,0.9322033898305084,57,3,5,55,0.9,0.8333333333333334,1.0,0.9090909090909091,16,4,0,20,0.95,0.95,0.95,0.9500000000000001,19,1,1,19
Gaussian_2D_Overlap,8,120,40,40,117,67,0.09516003099997761,0.17330306025630587,0.16896246064259052,0.1623200233928596,0.925,0.8923076923076924,0.9666666666666667,0.928,53,7,2,58,0.95,0.95,0.95,0.9500000000000001,19,1,1,19,0.9,0.8636363636363636,0.95,0.9047619047619048,17,3,1,19
Gaussian_2D_Overlap,9,120,40,40,99,49,0.08195072299997719,0.16540018972099263,0.1921376502482885,0.16491264540541667,0.925,0.9180327868852459,0.9333333333333333,0.9256198347107439,55,5,4,56,0.925,0.8695652173913043,1.0,0.9302325581395349,17,3,0,20,0.925,0.8695652173913043,1.0,0.9302325581395349,17,3,0,20
Gaussian_2D_Overlap,10,120,40,40,55,5,0.04553561299997,0.16879082476320054,0.11243582382316415,0.27681717909538567,0.9333333333333333,0.9193548387096774,0.95,0.9344262295081968,55,5,3,57,0.95,0.9090909090909091,1.0,0.9523809523809523,18,2,0,20,0.9,0.8636363636363636,0.95,0.9047619047619048,17,3,1,19
Gaussian_2D_Overlap,11,120,40,40,148,98,0.12081598999998278,0.1439735782349262,0.18952191669018723,0.21014612807597363,0.9333333333333333,0.9193548387096774,0.95,0.9344262295081968,55,5,3,57,0.925,0.8695652173913043,1.0,0.9302325581395349,17,3,0,20,0.925,0.9047619047619048,0.95,0.9268292682926829,18,2,1,19
Gaussian_2D_Overlap,12,120,40,40,64,14,0.052830319000008785,0.1553666043525472,0.19449347519502988,0.23954223255290952,0.9416666666666667,0.9491525423728814,0.9333333333333333,0.9411764705882353,57,3,4,56,0.925,0.8695652173913043,1.0,0.9302325581395349,17,3,0,20,0.9,0.9,0.9,0.9,18,2,2,18
Gaussian_2D_Overlap,13,120,40,40,68,18,0.055737215000021934,0.1510549392779201,0.12176632962647696,0.3180042571556853,0.925,0.9047619047619048,0.95,0.9268292682926829,54,6,3,57,0.9,0.9444444444444444,0.85,0.8947368421052632,19,1,3,17,0.925,0.9047619047619048,0.95,0.9268292682926829,18,2,1,19
Gaussian_2D_Overlap,14,120,40,40,262,212,0.21562776799999028,0.13555815164133833,0.18609367373400396,0.14906508492772164,0.9666666666666667,0.9516129032258065,0.9833333333333333,0.9672131147540983,57,3,1,59,0.925,0.9047619047619048,0.95,0.9268292682926829,18,2,1,19,0.9,0.8636363636363636,0.95,0.9047619047619048,17,3,1,19
Gaussian_2D_Overlap,15,120,40,40,59,9,0.04843420299999934,0.22895460044901975,0.1050884160943026,0.10204207704720003,0.9083333333333333,0.8769230769230769,0.95,0.912,52,8,3,57,0.95,0.9090909090909091,1.0,0.9523809523809523,18,2,0,20,0.95,0.95,0.95,0.9500000000000001,19,1,1,19
Gaussian_2D_Overlap,16,120,40,40,53,3,0.04351173600002767,0.15456818529607533,0.20105538711046358,0.22926572919399696,0.9416666666666667,0.9491525423728814,0.9333333333333333,0.9411764705882353,57,3,4,56,0.9,0.8636363636363636,0.95,0.9047619047619048,17,3,1,19,0.9,0.9,0.9,0.9,18,2,2,18
Gaussian_2D_Overlap,17,120,40,40,54,4,0.0446879560000184,0.15349316751703662,0.2117017707343586,0.2284401575923421,0.9333333333333333,0.90625,0.9666666666666667,0.9354838709677419,54,6,2,58,0.9,0.9,0.9,0.9,18,2,2,18,0.925,0.8695652173913043,1.0,0.9302325581395349,17,3,0,20
Gaussian_2D_Overlap,18,120,40,40,56,6,0.04599008600001753,0.2414286739618827,0.07726921789350234,0.09469981681121878,0.9,0.8870967741935484,0.9166666666666666,0.9016393442622951,53,7,5,55,1.0,1.0,1.0,1.0,20,0,0,20,0.95,1.0,0.9,0.9473684210526316,20,0,2,18
Gaussian_2D_Overlap,19,120,40,40,52,2,0.04731712699998525,0.18373711891996347,0.28798361928641797,0.1351469885521884,0.925,0.9322033898305084,0.9166666666666666,0.9243697478991596,56,4,5,55,0.9,0.8636363636363636,0.95,0.9047619047619048,17,3,1,19,0.925,1.0,0.85,0.9189189189189189,20,0,3,17
Gaussian_2D_Overlap,20,120,40,40,52,2,0.05019925900000999,0.15957306100346405,0.2864295582786886,0.15899386342020422,0.925,0.9180327868852459,0.9333333333333333,0.9256198347107439,55,5,4,56,0.9,0.9,0.9,0.9,18,2,2,18,0.95,0.9090909090909091,1.0,0.9523809523809523,18,2,0,20
Gaussian_2D_Overlap,21,120,40,40,52,2,0.050278786000035325,0.2015101326209053,0.2502881012406736,0.1812622068677418,0.925,0.9180327868852459,0.9333333333333333,0.9256198347107439,55,5,4,56,0.9,0.8333333333333334,1.0,0.9090909090909091,16,4,0,20,0.975,0.9523809523809523,1.0,0.975609756097561,19,1,0,20
Gaussian_2D_Overlap,22,120,40,40,167,117,0.1618151609999927,0.16523141879514675,0.17687646198293022,0.15948082579736772,0.9416666666666667,0.9076923076923077,0.9833333333333333,0.944,54,6,1,59,0.9,0.9,0.9,0.9,18,2,2,18,0.9,0.9,0.9,0.9,18,2,2,18
Gaussian_2D_Overlap,23,120,40,40,65,15,0.05783609799999567,0.1866707312802685,0.10865880482381438,0.22203197784579115,0.925,0.9047619047619048,0.95,0.9268292682926829,54,6,3,57,0.95,0.95,0.95,0.9500000000000001,19,1,1,19,0.925,0.9473684210526315,0.9,0.9230769230769231,19,1,2,18
Gaussian_2D_Overlap,24,120,40,40,156,106,0.12628335900001275,0.08811088698659189,0.23592730074126395,0.3374475313971422,0.9666666666666667,0.9516129032258065,0.9833333333333333,0.9672131147540983,57,3,1,59,0.925,0.9047619047619048,0.95,0.9268292682926829,18,2,1,19,0.875,0.8571428571428571,0.9,0.8780487804878048,17,3,2,18
Gaussian_2D_Overlap,25,120,40,40,60,10,0.04895683600000211,0.17594909285011387,0.23752351807287164,0.11989938768848929,0.9416666666666667,0.9206349206349206,0.9666666666666667,0.943089430894309,55,5,2,58,0.9,0.9,0.9,0.9,18,2,2,18,0.925,0.9473684210526315,0.9,0.9230769230769231,19,1,2,18
Gaussian_2D_Overlap,26,120,40,40,133,83,0.10820818700000245,0.16592072531248997,0.2401266073530921,0.07060113775514838,0.925,0.9047619047619048,0.95,0.9268292682926829,54,6,3,57,0.925,0.9047619047619048,0.95,0.9268292682926829,18,2,1,19,1.0,1.0,1.0,1.0,20,0,0,20
Gaussian_2D_Overlap,27,120,40,40,159,109,0.12973684600001434,0.13154258936320223,0.23920636688118896,0.204193749439218,0.9333333333333333,0.9193548387096774,0.95,0.9344262295081968,55,5,3,57,0.9,0.8333333333333334,1.0,0.9090909090909091,16,4,0,20,0.925,0.9047619047619048,0.95,0.9268292682926829,18,2,1,19
Gaussian_2D_Overlap,28,120,40,40,201,151,0.163510260999999,0.1950498497383108,0.050888666390327984,0.15213682125314412,0.925,0.8923076923076924,0.9666666666666667,0.928,53,7,2,58,0.975,1.0,0.95,0.9743589743589743,20,0,1,19,0.95,0.9090909090909091,1.0,0.9523809523809523,18,2,0,20
Gaussian_2D_Overlap,29,120,40,40,54,4,0.04396768300000531,0.16354719794818898,0.13386282390343482,0.28619431720991395,0.95,0.9354838709677419,0.9666666666666667,0.9508196721311476,56,4,2,58,0.95,0.95,0.95,0.9500000000000001,19,1,1,19,0.85,0.8888888888888888,0.8,0.8421052631578948,18,2,4,16
Gaussian_3D_Wide,0,120,40,40,1000,970,0.8098052600000187,4.6082224033720845e-05,2.7873292884293223e-05,6.357318036885403e-05,1.0,1.0,1.0,1.0,60,0,0,60,1.0,1.0,1.0,1.0,20,0,0,20,1.0,1.0,1.0,1.0,20,0,0,20
Gaussian_3D_Wide,1,120,40,40,1000,982,0.8393321100000435,4.493319399105949e-05,4.863187546892485e-05,2.6303120090430166e-05,1.0,1.0,1.0,1.0,60,0,0,60,1.0,1.0,1.0,1.0,20,0,0,20,1.0,1.0,1.0,1.0,20,0,0,20
Gaussian_3D_Wide,2,120,40,40,1000,992,0.8570970950000287,4.091922353296855e-05,5.191373247560979e-05,0.00010470784756243289,1.0,1.0,1.0,1.0,60,0,0,60,1.0,1.0,1.0,1.0,20,0,0,20,1.0,1.0,1.0,1.0,20,0,0,20
Gaussian_3D_Wide,3,120,40,40,1000,992,0.9435461669999654,3.999145905657778e-05,3.856829382885553e-05,0.00011236757152004837,1.0,1.0,1.0,1.0,60,0,0,60,1.0,1.0,1.0,1.0,20,0,0,20,1.0,1.0,1.0,1.0,20,0,0,20
Gaussian_3D_Wide,4,120,40,40,1000,963,0.8607774919999542,4.441426888604309e-05,1.9465038906402698e-05,3.2217638135583966e-05,1.0,1.0,1.0,1.0,60,0,0,60,1.0,1.0,1.0,1.0,20,0,0,20,1.0,1.0,1.0,1.0,20,0,0,20
Gaussian_3D_Wide,5,120,40,40,1000,994,0.7994892849999928,4.6556733303207855e-05,3.6114985374512685e-05,0.0001197416477011699,1.0,1.0,1.0,1.0,60,0,0,60,1.0,1.0,1.0,1.0,20,0,0,20,1.0,1.0,1.0,1.0,20,0,0,20
Gaussian_3D_Wide,6,120,40,40,1000,979,0.7983249860000114,4.5402514540333263e-05,4.73088840248421e-05,2.5815379142051484e-05,1.0,1.0,1.0,1.0,60,0,0,60,1.0,1.0,1.0,1.0,20,0,0,20,1.0,1.0,1.0,1.0,20,0,0,20
Gaussian_3D_Wide,7,120,40,40,1000,996,0.8145366970000509,4.348757774356578e-05,8.601275993385388e-05,3.6988140672533354e-05,1.0,1.0,1.0,1.0,60,0,0,60,1.0,1.0,1.0,1.0,20,0,0,20,1.0,1.0,1.0,1.0,20,0,0,20
Gaussian_3D_Wide,8,120,40,40,1000,987,0.8104313590000061,4.3706831987131544e-05,6.30041969609812e-05,3.9027441461749404e-05,1.0,1.0,1.0,1.0,60,0,0,60,1.0,1.0,1.0,1.0,20,0,0,20,1.0,1.0,1.0,1.0,20,0,0,20
Gaussian_3D_Wide,9,120,40,40,1000,978,0.8098428509999849,4.56519046224384e-05,4.175313152173828e-05,3.2180454014887636e-05,1.0,1.0,1.0,1.0,60,0,0,60,1.0,1.0,1.0,1.0,20,0,0,20,1.0,1.0,1.0,1.0,20,0,0,20
Gaussian_3D_Wide,10,120,40,40,1000,998,0.8192758899999717,5.300880530559544e-05,3.7848139250413915e-05,4.0054191886974964e-05,1.0,1.0,1.0,1.0,60,0,0,60,1.0,1.0,1.0,1.0,20,0,0,20,1.0,1.0,1.0,1.0,20,0,0,20
Gaussian_3D_Wide,11,120,40,40,1000,999,0.8236686230000032,4.352635587942323e-05,6.995026584459932e-05,2.7516293736945427e-05,1.0,1.0,1.0,1.0,60,0,0,60,1.0,1.0,1.0,1.0,20,0,0,20,1.0,1.0,1.0,1.0,20,0,0,20
Gaussian_3D_Wide,12,120,40,40,1000,993,0.8405963480000196,4.733832501278841e-05,3.541984817422882e-05,3.0719300569648464e-05,1.0,1.0,1.0,1.0,60,0,0,60,1.0,1.0,1.0,1.0,20,0,0,20,1.0,1.0,1.0,1.0,20,0,0,20
Gaussian_3D_Wide,13,120,40,40,1000,999,0.8415973429999895,4.64650252132456e-05,3.200027872014993e-05,6.0642569342165955e-05,1.0,1.0,1.0,1.0,60,0,0,60,1.0,1.0,1.0,1.0,20,0,0,20,1.0,1.0,1.0,1.0,20,0,0,20
Gaussian_3D_Wide,14,120,40,40,1000,997,0.8568922030000294,4.231419594178583e-05,0.00014116234546981588,4.1147271611529753e-05,1.0,1.0,1.0,1.0,60,0,0,60,1.0,1.0,1.0,1.0,20,0,0,20,1.0,1.0,1.0,1.0,20,0,0,20
Gaussian_3D_Wide,15,120,40,40,1000,986,0.8175407840000162,4.853831136936258e-05,4.610659162248627e-05,2.657807949779158e-05,1.0,1.0,1.0,1.0,60,0,0,60,1.0,1.0,1.0,1.0,20,0,0,20,1.0,1.0,1.0,1.0,20,0,0,20
Gaussian_3D_Wide,16,120,40,40,1000,998,0.824516736000021,4.7620358094793924e-05,0.00018631251310438504,9.696930141091771e-05,1.0,1.0,1.0,1.0,60,0,0,60,1.0,1.0,1.0,1.0,20,0,0,20,1.0,1.0,1.0,1.0,20,0,0,20
Gaussian_3D_Wide,17,120,40,40,1000,976,0.8334242180000047,4.818295247304501e-05,2.7096603118265165e-05,3.460931316140326e-05,1.0,1.0,1.0,1.0,60,0,0,60,1.0,1.0,1.0,1.0,20,0,0,20,1.0,1.0,1.0,1.0,20,0,0,20
Gaussian_3D_Wide,18,120,40,40,1000,976,0.8333783150000045,5.1065468620134335e-05,3.221096566394012e-05,2.4793133115306976e-05,1.0,1.0,1.0,1.0,60,0,0,60,1.0,1.0,1.0,1.0,20,0,0,20,1.0,1.0,1.0,1.0,20,0,0,20
Gaussian_3D_Wide,19,120,40,40,1000,986,0.8211463540000068,4.1996873875148394e-05,2.766812073043533e-05,1.4050617053424215e-05,1.0,1.0,1.0,1.0,60,0,0,60,1.0,1.0,1.0,1.0,20,0,0,20,1.0,1.0,1.0,1.0,20,0,0,20
Gaussian_3D_Wide,20,120,40,40,1000,996,0.8564776410000263,4.5951697904131134e-05,3.8222324829798355e-05,4.306464554991149e-05,1.0,1.0,1.0,1.0,60,0,0,60,1.0,1.0,1.0,1.0,20,0,0,20,1.0,1.0,1.0,1.0,20,0,0,20
Gaussian_3D_Wide,21,120,40,40,1000,994,0.8067510619999894,4.9423800797336887e-05,3.482715125460528e-05,2.6732361374821663e-05,1.0,1.0,1.0,1.0,60,0,0,60,1.0,1.0,1.0,1.0,20,0,0,20,1.0,1.0,1.0,1.0,20,0,0,20
Gaussian_3D_Wide,22,120,40,40,1000,992,0.8163937599999826,4.816390618523782e-05,3.83786386371057e-05,3.1359307595923724e-05,1.0,1.0,1.0,1.0,60,0,0,60,1.0,1.0,1.0,1.0,20,0,0,20,1.0,1.0,1.0,1.0,20,0,0,20
Gaussian_3D_Wide,23,120,40,40,1000,996,0.8194772570000168,4.2861718169126295e-05,0.00011032912818722572,0.00010283195008753244,1.0,1.0,1.0,1.0,60,0,0,60,1.0,1.0,1.0,1.0,20,0,0,20,1.0,1.0,1.0,1.0,20,0,0,20
Gaussian_3D_Wide,24,120,40,40,1000,976,0.8303147340000123,4.0159110631444035e-05,3.362587093946289e-05,3.743968308924882e-05,1.0,1.0,1.0,1.0,60,0,0,60,1.0,1.0,1.0,1.0,20,0,0,20,1.0,1.0,1.0,1.0,20,0,0,20
Gaussian_3D_Wide,25,120,40,40,1000,981,0.8207661870000038,4.298890640256302e-05,4.715875140386505e-05,0.00011015909318460905,1.0,1.0,1.0,1.0,60,0,0,60,1.0,1.0,1.0,1.0,20,0,0,20,1.0,1.0,1.0,1.0,20,0,0,20
Gaussian_3D_Wide,26,120,40,40,1000,984,0.8249237599999901,4.645624637849925e-05,5.133976838863563e-05,5.771693986374386e-05,1.0,1.0,1.0,1.0,60,0,0,60,1.0,1.0,1.0,1.0,20,0,0,20,1.0,1.0,1.0,1.0,20,0,0,20
Gaussian_3D_Wide,27,120,40,40,1000,990,0.8362086039999781,4.6062234889282355e-05,3.792116478237302e-05,3.0183766207427257e-05,1.0,1.0,1.0,1.0,60,0,0,60,1.0,1.0,1.0,1.0,20,0,0,20,1.0,1.0,1.0,1.0,20,0,0,20
Gaussian_3D_Wide,28,120,40,40,1000,996,0.8402559589999896,4.465025209961707e-05,7.192491179604352e-05,5.482740355456407e-05,1.0,1.0,1.0,1.0,60,0,0,60,1.0,1.0,1.0,1.0,20,0,0,20,1.0,1.0,1.0,1.0,20,0,0,20
Gaussian_3D_Wide,29,120,40,40,1000,991,0.8310025619999806,4.9315684188698336e-05,2.973332398124976e-05,5.701400549930238e-05,1.0,1.0,1.0,1.0,60,0,0,60,1.0,1.0,1.0,1.0,20,0,0,20,1.0,1.0,1.0,1.0,20,0,0,20
Gaussian_3D_Narrow,0,120,40,40,523,473,0.43841362099999515,0.0005015765105951852,4.847092587037215e-06,9.684946816816231e-05,1.0,1.0,1.0,1.0,60,0,0,60,1.0,1.0,1.0,1.0,20,0,0,20,1.0,1.0,1.0,1.0,20,0,0,20
Gaussian_3D_Narrow,1,120,40,40,1000,998,0.8498681749999832,0.00018690038038697072,0.0017287017550839795,2.1422116666602403e-06,1.0,1.0,1.0,1.0,60,0,0,60,1.0,1.0,1.0,1.0,20,0,0,20,1.0,1.0,1.0,1.0,20,0,0,20
Gaussian_3D_Narrow,2,120,40,40,205,155,0.16812628300004917,0.0011943785337470503,0.010595844659939445,0.0031304163328283994,1.0,1.0,1.0,1.0,60,0,0,60,1.0,1.0,1.0,1.0,20,0,0,20,1.0,1.0,1.0,1.0,20,0,0,20
Gaussian_3D_Narrow,3,120,40,40,1000,977,0.8518727200000171,0.0001681503775727821,2.1946009469565553e-05,0.0027955796951982755,1.0,1.0,1.0,1.0,60,0,0,60,1.0,1.0,1.0,1.0,20,0,0,20,1.0,1.0,1.0,1.0,20,0,0,20
Gaussian_3D_Narrow,4,120,40,40,613,563,0.5014297469999747,0.00039902524094758394,7.479205011449228e-06,3.9198020299878545e-05,1.0,1.0,1.0,1.0,60,0,0,60,1.0,1.0,1.0,1.0,20,0,0,20,1.0,1.0,1.0,1.0,20,0,0,20
Gaussian_3D_Narrow,5,120,40,40,474,424,0.3890229159999876,0.0005010015496810565,4.560822564869113e-06,0.0008895392247489905,1.0,1.0,1.0,1.0,60,0,0,60,1.0,1.0,1.0,1.0,20,0,0,20,1.0,1.0,1.0,1.0,20,0,0,20
Gaussian_3D_Narrow,6,120,40,40,1000,990,0.8174531740000361,0.00020235960898629368,2.1255088500839133e-05,1.8615268665001135e-07,1.0,1.0,1.0,1.0,60,0,0,60,1.0,1.0,1.0,1.0,20,0,0,20,1.0,1.0,1.0,1.0,20,0,0,20
Gaussian_3D_Narrow,7,120,40,40,1000,987,0.8170792149999784,0.0001855825520748411,0.00010789985855898495,0.0007155689181926937,1.0,1.0,1.0,1.0,60,0,0,60,1.0,1.0,1.0,1.0,20,0,0,20,1.0,1.0,1.0,1.0,20,0,0,20
Gaussian_3D_Narrow,8,120,40,40,1000,998,0.8726757360000192,0.0001923918370779157,0.00042383466844034756,7.846659451723328e-06,1.0,1.0,1.0,1.0,60,0,0,60,1.0,1.0,1.0,1.0,20,0,0,20,1.0,1.0,1.0,1.0,20,0,0,20
Gaussian_3D_Narrow,9,120,40,40,1000,1000,0.8434057229999894,0.0001869205022749557,0.0016452234687815005,1.9169688521366263e-05,1.0,1.0,1.0,1.0,60,0,0,60,1.0,1.0,1.0,1.0,20,0,0,20,1.0,1.0,1.0,1.0,20,0,0,20
Gaussian_3D_Narrow,10,120,40,40,978,928,0.7948907889999646,0.00018741695944970524,0.0035614808890603806,4.724950258579623e-05,1.0,1.0,1.0,1.0,60,0,0,60,1.0,1.0,1.0,1.0,20,0,0,20,1.0,1.0,1.0,1.0,20,0,0,20
Gaussian_3D_Narrow,11,120,40,40,73,23,0.05896077300002389,0.007407360399210682,0.02785666073518802,0.004077444172119872,1.0,1.0,1.0,1.0,60,0,0,60,0.975,1.0,0.95,0.9743589743589743,20,0,1,19,1.0,1.0,1.0,1.0,20,0,0,20
Gaussian_3D_Narrow,12,120,40,40,1000,978,0.8042671599999949,0.00021438819217888054,1.6377223259370832e-05,3.121945445467826e-05,1.0,1.0,1.0,1.0,60,0,0,60,1.0,1.0,1.0,1.0,20,0,0,20,1.0,1.0,1.0,1.0,20,0,0,20
Gaussian_3D_Narrow,13,120,40,40,767,717,0.6257622790000141,0.0001814726326813573,1.0159395931314807e-05,0.06600259088425726,1.0,1.0,1.0,1.0,60,0,0,60,1.0,1.0,1.0,1.0,20,0,0,20,0.95,0.95,0.95,0.9500000000000001,19,1,1,19
Gaussian_3D_Narrow,14,120,40,40,454,404,0.37755626399996345,0.00021371554539551234,0.027076408134306274,0.0021424739893193805,1.0,1.0,1.0,1.0,60,0,0,60,0.975,0.9523809523809523,1.0,0.975609756097561,19,1,0,20,1.0,1.0,1.0,1.0,20,0,0,20
Gaussian_3D_Narrow,15,120,40,40,1000,986,0.8347567229999981,0.00019922794812004085,0.00045426658304677556,1.3236293124558991e-06,1.0,1.0,1.0,1.0,60,0,0,60,1.0,1.0,1.0,1.0,20,0,0,20,1.0,1.0,1.0,1.0,20,0,0,20
Gaussian_3D_Narrow,16,120,40,40,60,10,0.050681269999984124,0.00652962804577146,0.08641078328782151,0.010312723538669787,1.0,1.0,1.0,1.0,60,0,0,60,0.95,1.0,0.9,0.9473684210526316,20,0,2,18,1.0,1.0,1.0,1.0,20,0,0,20
Gaussian_3D_Narrow,17,120,40,40,57,7,0.046966766999958054,0.011118728742870692,0.02460361779751193,0.016544339949904542,1.0,1.0,1.0,1.0,60,0,0,60,0.975,1.0,0.95,0.9743589743589743,20,0,1,19,1.0,1.0,1.0,1.0,20,0,0,20
Gaussian_3D_Narrow,18,120,40,40,1000,999,0.8408767650000186,0.00020934377397652338,0.0002452526126017963,9.550211088693293e-07,1.0,1.0,1.0,1.0,60,0,0,60,1.0,1.0,1.0,1.0,20,0,0,20,1.0,1.0,1.0,1.0,20,0,0,20
Gaussian_3D_Narrow,19,120,40,40,547,497,0.4539542029999666,0.00025915477357227036,5.063479444974286e-06,0.07777489839487514,1.0,1.0,1.0,1.0,60,0,0,60,1.0,1.0,1.0,1.0,20,0,0,20,0.95,1.0,0.9,0.9473684210526316,20,0,2,18
Gaussian_3D_Narrow,20,120,40,40,1000,998,0.8422349400000257,0.00018519698830841072,0.00041928399410865526,5.822620251471867e-06,1.0,1.0,1.0,1.0,60,0,0,60,1.0,1.0,1.0,1.0,20,0,0,20,1.0,1.0,1.0,1.0,20,0,0,20
Gaussian_3D_Narrow,21,120,40,40,1000,985,0.8174138560000301,0.00019854460509460166,0.00022709677949938993,2.2795402968685353e-06,1.0,1.0,1.0,1.0,60,0,0,60,1.0,1.0,1.0,1.0,20,0,0,20,1.0,1.0,1.0,1.0,20,0,0,20
Gaussian_3D_Narrow,22,120,40,40,117,67,0.0968821049999633,0.0031712652901690424,0.013154392188289118,0.004165150470042297,1.0,1.0,1.0,1.0,60,0,0,60,1.0,1.0,1.0,1.0,20,0,0,20,1.0,1.0,1.0,1.0,20,0,0,20
Gaussian_3D_Narrow,23,120,40,40,55,5,0.045450221999999485,0.012447688949763508,0.03418026695602368,0.014806691804775913,1.0,1.0,1.0,1.0,60,0,0,60,0.975,0.9523809523809523,1.0,0.975609756097561,19,1,0,20,1.0,1.0,1.0,1.0,20,0,0,20
Gaussian_3D_Narrow,24,120,40,40,56,6,0.04665219100002105,0.009203895269324617,0.05021085503091931,0.007512540106951267,1.0,1.0,1.0,1.0,60,0,0,60,0.95,1.0,0.9,0.9473684210526316,20,0,2,18,1.0,1.0,1.0,1.0,20,0,0,20
Gaussian_3D_Narrow,25,120,40,40,1000,1000,0.8367020229999866,0.00012655462004156602,0.001984590950256363,0.01909311586941532,1.0,1.0,1.0,1.0,60,0,0,60,1.0,1.0,1.0,1.0,20,0,0,20,0.975,0.9523809523809523,1.0,0.975609756097561,19,1,0,20
Gaussian_3D_Narrow,26,120,40,40,1000,999,0.8367097880000074,0.00011993794347874629,0.0062592195737984965,0.020644454441103556,1.0,1.0,1.0,1.0,60,0,0,60,1.0,1.0,1.0,1.0,20,0,0,20,0.975,0.9523809523809523,1.0,0.975609756097561,19,1,0,20
Gaussian_3D_Narrow,27,120,40,40,1000,999,0.8190881419999982,0.00021678633924507087,0.0002780487159611619,8.496069823493532e-07,1.0,1.0,1.0,1.0,60,0,0,60,1.0,1.0,1.0,1.0,20,0,0,20,1.0,1.0,1.0,1.0,20,0,0,20
Gaussian_3D_Narrow,28,120,40,40,1000,1000,0.8298350590000041,0.00015551395485508348,0.00012533059151557583,0.013676857540069507,1.0,1.0,1.0,1.0,60,0,0,60,1.0,1.0,1.0,1.0,20,0,0,20,1.0,1.0,1.0,1.0,20,0,0,20
Gaussian_3D_Narrow,29,120,40,40,1000,999,0.8321391129999824,0.00019955688802230715,0.00023415884699259302,2.056543218107455e-05,1.0,1.0,1.0,1.0,60,0,0,60,1.0,1.0,1.0,1.0,20,0,0,20,1.0,1.0,1.0,1.0,20,0,0,20
Gaussian_3D_Overlap,0,120,40,40,59,9,0.04916881200000489,0.09454735080315808,0.06376529978783904,0.0798746074772506,0.9666666666666667,0.9666666666666667,0.9666666666666667,0.9666666666666667,58,2,2,58,0.975,1.0,0.95,0.9743589743589743,20,0,1,19,0.95,0.95,0.95,0.9500000000000001,19,1,1,19
Gaussian_3D_Overlap,1,120,40,40,274,224,0.22388783299999204,0.08124957631601057,0.049611302510495926,0.04329315400646914,0.9666666666666667,0.9827586206896551,0.95,0.9661016949152542,59,1,3,57,0.975,0.9523809523809523,1.0,0.975609756097561,19,1,0,20,0.975,0.9523809523809523,1.0,0.975609756097561,19,1,0,20
Gaussian_3D_Overlap,2,120,40,40,361,311,0.2976118930000098,0.040799053408936733,0.03802174205673668,0.3059417058650675,0.9833333333333333,0.9833333333333333,0.9833333333333333,0.9833333333333333,59,1,1,59,0.975,1.0,0.95,0.9743589743589743,20,0,1,19,0.925,0.9047619047619048,0.95,0.9268292682926829,18,2,1,19
Gaussian_3D_Overlap,3,120,40,40,53,3,0.043211743000028946,0.06738922036415068,0.1238756614164239,0.1077074593142742,0.9583333333333334,0.9508196721311475,0.9666666666666667,0.9586776859504132,57,3,2,58,0.95,0.95,0.95,0.9500000000000001,19,1,1,19,0.95,0.9090909090909091,1.0,0.9523809523809523,18,2,0,20
Gaussian_3D_Overlap,4,120,40,40,53,3,0.04338050499995916,0.1074277269515534,0.08137790521391894,0.03167618870272977,0.95,0.9354838709677419,0.9666666666666667,0.9508196721311476,56,4,2,58,0.975,1.0,0.95,0.9743589743589743,20,0,1,19,1.0,1.0,1.0,1.0,20,0,0,20
Gaussian_3D_Overlap,5,120,40,40,54,4,0.04436719699998548,0.09643740517873607,0.027078820418101286,0.1161382881165274,0.9583333333333334,0.9661016949152542,0.95,0.957983193277311,58,2,3,57,1.0,1.0,1.0,1.0,20,0,0,20,0.95,0.95,0.95,0.9500000000000001,19,1,1,19
Gaussian_3D_Overlap,6,120,40,40,54,4,0.04390988400001561,0.08870951528399598,0.10479044828374437,0.05220066231166215,0.9666666666666667,0.9516129032258065,0.9833333333333333,0.9672131147540983,57,3,1,59,0.925,0.9047619047619048,0.95,0.9268292682926829,18,2,1,19,0.975,1.0,0.95,0.9743589743589743,20,0,1,19
Gaussian_3D_Overlap,7,120,40,40,76,26,0.06284264099997472,0.0605412377508271,0.06075829509438881,0.17149845382616435,0.9666666666666667,0.9666666666666667,0.9666666666666667,0.9666666666666667,58,2,2,58,0.975,0.9523809523809523,1.0,0.975609756097561,19,1,0,20,0.925,0.9473684210526315,0.9,0.9230769230769231,19,1,2,18
Gaussian_3D_Overlap,8,120,40,40,54,4,0.04493223700001181,0.07336295763429569,0.10744927705703411,0.12847255592538992,0.975,0.9672131147540983,0.9833333333333333,0.9752066115702478,58,2,1,59,0.95,0.95,0.95,0.9500000000000001,19,1,1,19,0.95,1.0,0.9,0.9473684210526316,20,0,2,18
Gaussian_3D_Overlap,9,120,40,40,94,44,0.07748998599998913,0.04869512934885044,0.06574121915526838,0.17312074909728165,0.975,0.9672131147540983,0.9833333333333333,0.9752066115702478,58,2,1,59,0.975,0.9523809523809523,1.0,0.975609756097561,19,1,0,20,0.925,0.9473684210526315,0.9,0.9230769230769231,19,1,2,18
Gaussian_3D_Overlap,10,120,40,40,60,10,0.04970369200003688,0.06321820663964266,0.10522936244068182,0.13026169263725956,0.975,0.9672131147540983,0.9833333333333333,0.9752066115702478,58,2,1,59,0.95,0.95,0.95,0.9500000000000001,19,1,1,19,0.95,1.0,0.9,0.9473684210526316,20,0,2,18
Gaussian_3D_Overlap,11,120,40,40,111,61,0.09260411500002874,0.07118683700469325,0.053668453133013494,0.14724802867122308,0.9666666666666667,0.9666666666666667,0.9666666666666667,0.9666666666666667,58,2,2,58,0.975,0.9523809523809523,1.0,0.975609756097561,19,1,0,20,0.925,0.9473684210526315,0.9,0.9230769230769231,19,1,2,18
Gaussian_3D_Overlap,12,120,40,40,53,3,0.04330707999997685,0.09325091943751324,0.06457442892456766,0.08002854206824643,0.9583333333333334,0.9508196721311475,0.9666666666666667,0.9586776859504132,57,3,2,58,0.975,0.9523809523809523,1.0,0.975609756097561,19,1,0,20,0.95,0.95,0.95,0.9500000000000001,19,1,1,19
Gaussian_3D_Overlap,13,120,40,40,56,6,0.04598953900000424,0.07672664346729637,0.01787282843635941,0.16677597806133596,0.9583333333333334,0.9508196721311475,0.9666666666666667,0.9586776859504132,57,3,2,58,1.0,1.0,1.0,1.0,20,0,0,20,0.95,0.95,0.95,0.9500000000000001,19,1,1,19
Gaussian_3D_Overlap,14,120,40,40,53,3,0.043536560999996254,0.06091254113225353,0.15453310070643272,0.1099015839273394,0.975,0.9672131147540983,0.9833333333333333,0.9752066115702478,58,2,1,59,0.925,0.9047619047619048,0.95,0.9268292682926829,18,2,1,19,0.95,0.95,0.95,0.9500000000000001,19,1,1,19
Gaussian_3D_Overlap,15,120,40,40,57,7,0.04818039700001009,0.08893848684579032,0.0843035135565988,0.07187286887169594,0.9666666666666667,0.9666666666666667,0.9666666666666667,0.9666666666666667,58,2,2,58,0.975,0.9523809523809523,1.0,0.975609756097561,19,1,0,20,0.975,1.0,0.95,0.9743589743589743,20,0,1,19
Gaussian_3D_Overlap,16,120,40,40,81,31,0.06849444400000948,0.048344922341573685,0.09177413228480016,0.19977929265745215,0.975,0.9672131147540983,0.9833333333333333,0.9752066115702478,58,2,1,59,0.975,0.9523809523809523,1.0,0.975609756097561,19,1,0,20,0.925,0.9473684210526315,0.9,0.9230769230769231,19,1,2,18
Gaussian_3D_Overlap,17,120,40,40,53,3,0.04290025699998523,0.1230779555167687,0.023068686856140976,0.0493317727649608,0.95,0.95,0.95,0.9500000000000001,57,3,3,57,1.0,1.0,1.0,1.0,20,0,0,20,0.975,0.9523809523809523,1.0,0.975609756097561,19,1,0,20
Gaussian_3D_Overlap,18,120,40,40,54,4,0.04449186500005453,0.09018196893507822,0.1127611109303143,0.07274392662272663,0.9666666666666667,0.9516129032258065,0.9833333333333333,0.9672131147540983,57,3,1,59,0.925,0.9473684210526315,0.9,0.9230769230769231,19,1,2,18,0.975,1.0,0.95,0.9743589743589743,20,0,1,19
Gaussian_3D_Overlap,19,120,40,40,54,4,0.043530126000007385,0.08677626645799644,0.10483838131587328,0.05105204109804525,0.9666666666666667,0.9516129032258065,0.9833333333333333,0.9672131147540983,57,3,1,59,0.95,0.95,0.95,0.9500000000000001,19,1,1,19,0.975,1.0,0.95,0.9743589743589743,20,0,1,19
Gaussian_3D_Overlap,20,120,40,40,55,5,0.04529595700000755,0.09838638932537339,0.10024096857822862,0.027845079743292044,0.95,0.95,0.95,0.9500000000000001,57,3,3,57,0.95,0.95,0.95,0.9500000000000001,19,1,1,19,1.0,1.0,1.0,1.0,20,0,0,20
Gaussian_3D_Overlap,21,120,40,40,77,27,0.06258932800000139,0.07434260053743337,0.07523869403593701,0.13332571224320158,0.975,0.9672131147540983,0.9833333333333333,0.9752066115702478,58,2,1,59,0.975,1.0,0.95,0.9743589743589743,20,0,1,19,0.95,1.0,0.9,0.9473684210526316,20,0,2,18
Gaussian_3D_Overlap,22,120,40,40,53,3,0.042681913000024,0.08134430988417965,0.11927062069421006,0.1081460545482222,0.9833333333333333,0.967741935483871,1.0,0.9836065573770492,58,2,0,60,0.925,0.9473684210526315,0.9,0.9230769230769231,19,1,2,18,0.975,1.0,0.95,0.9743589743589743,20,0,1,19
Gaussian_3D_Overlap,23,120,40,40,52,2,0.04208102199999075,0.09437876914666347,0.1486376453754668,0.0860476241739104,0.975,1.0,0.95,0.9743589743589743,60,0,3,57,0.925,0.8695652173913043,1.0,0.9302325581395349,17,3,0,20,0.95,0.9090909090909091,1.0,0.9523809523809523,18,2,0,20
Gaussian_3D_Overlap,24,120,40,40,57,7,0.04683075100001588,0.06942614083063739,0.0695040032131012,0.1522243635484925,0.9666666666666667,0.9666666666666667,0.9666666666666667,0.9666666666666667,58,2,2,58,0.95,0.9090909090909091,1.0,0.9523809523809523,18,2,0,20,0.925,0.9047619047619048,0.95,0.9268292682926829,18,2,1,19
Gaussian_3D_Overlap,25,120,40,40,53,3,0.043332414000019526,0.09240049433833297,0.11940646200893557,0.09702466485647122,0.9666666666666667,0.9516129032258065,0.9833333333333333,0.9672131147540983,57,3,1,59,0.925,0.9473684210526315,0.9,0.9230769230769231,19,1,2,18,0.975,0.9523809523809523,1.0,0.975609756097561,19,1,0,20
Gaussian_3D_Overlap,26,120,40,40,54,4,0.04392235100004882,0.08292878426428588,0.07950767164405545,0.10197783927892475,0.9583333333333334,0.9661016949152542,0.95,0.957983193277311,58,2,3,57,0.95,0.9090909090909091,1.0,0.9523809523809523,18,2,0,20,0.975,0.9523809523809523,1.0,0.975609756097561,19,1,0,20
Gaussian_3D_Overlap,27,120,40,40,143,93,0.11716532599996299,0.053766232656159305,0.06696880527467877,0.13366083255354977,0.975,0.9672131147540983,0.9833333333333333,0.9752066115702478,58,2,1,59,1.0,1.0,1.0,1.0,20,0,0,20,0.95,1.0,0.9,0.9473684210526316,20,0,2,18
Gaussian_3D_Overlap,28,120,40,40,53,3,0.04363994099998081,0.07471135505377553,0.10666297625667098,0.1125141279188969,0.9666666666666667,0.9666666666666667,0.9666666666666667,0.9666666666666667,58,2,2,58,0.95,0.95,0.95,0.9500000000000001,19,1,1,19,0.95,0.9090909090909091,1.0,0.9523809523809523,18,2,0,20
Gaussian_3D_Overlap,29,120,40,40,54,4,0.04656094300003133,0.09898380628867101,0.07312753509801317,0.08005968384157122,0.95,0.9354838709677419,0.9666666666666667,0.9508196721311476,56,4,2,58,0.975,1.0,0.95,0.9743589743589743,20,0,1,19,0.975,0.9523809523809523,1.0,0.975609756097561,19,1,0,20
Moons_2D_Wide,0,600,200,200,480,430,1.399692765999987,0.00036347750194601515,0.0028043048378643422,0.0006820430660460279,1.0,1.0,1.0,1.0,300,0,0,300,1.0,1.0,1.0,1.0,100,0,0,100,1.0,1.0,1.0,1.0,100,0,0,100
Moons_2D_Wide,1,600,200,200,958,908,2.7878357879999953,0.00023100675196888965,0.00021204484007774328,9.328196864697245e-05,1.0,1.0,1.0,1.0,300,0,0,300,1.0,1.0,1.0,1.0,100,0,0,100,1.0,1.0,1.0,1.0,100,0,0,100
Moons_2D_Wide,2,600,200,200,1000,1000,3.003190937999989,0.0001306449184821599,0.0009501136329583118,0.02119898110783253,1.0,1.0,1.0,1.0,300,0,0,300,1.0,1.0,1.0,1.0,100,0,0,100,0.995,0.9900990099009901,1.0,0.9950248756218906,99,1,0,100
Moons_2D_Wide,3,600,200,200,1000,994,2.916374074000032,0.0002082084618306458,0.0002547998884985222,0.00021103297676146806,1.0,1.0,1.0,1.0,300,0,0,300,1.0,1.0,1.0,1.0,100,0,0,100,1.0,1.0,1.0,1.0,100,0,0,100
Moons_2D_Wide,4,600,200,200,1000,988,2.924294068999984,0.00016812727674293866,0.00018567379753198058,0.00029734912962577206,1.0,1.0,1.0,1.0,300,0,0,300,1.0,1.0,1.0,1.0,100,0,0,100,1.0,1.0,1.0,1.0,100,0,0,100
Moons_2D_Wide,5,600,200,200,1000,986,2.893654060000017,0.00020666224689220534,0.00014129642766865378,0.00032992535548270405,1.0,1.0,1.0,1.0,300,0,0,300,1.0,1.0,1.0,1.0,100,0,0,100,1.0,1.0,1.0,1.0,100,0,0,100
Moons_2D_Wide,6,600,200,200,342,292,1.0106806279999887,0.0007913935263591944,0.0024105734205816815,0.00030713567141858896,1.0,1.0,1.0,1.0,300,0,0,300,1.0,1.0,1.0,1.0,100,0,0,100,1.0,1.0,1.0,1.0,100,0,0,100
Moons_2D_Wide,7,600,200,200,388,338,1.1259125369999765,0.0005443134820502064,0.0028377492483800644,0.0011110234580578723,1.0,1.0,1.0,1.0,300,0,0,300,1.0,1.0,1.0,1.0,100,0,0,100,1.0,1.0,1.0,1.0,100,0,0,100
Moons_2D_Wide,8,600,200,200,1000,996,2.8901003199999877,0.0001897913889989924,5.242738574607826e-05,0.00015724844704275432,1.0,1.0,1.0,1.0,300,0,0,300,1.0,1.0,1.0,1.0,100,0,0,100,1.0,1.0,1.0,1.0,100,0,0,100
Moons_2D_Wide,9,600,200,200,1000,994,2.920579826999983,0.00013981441750071693,0.00043376622801810405,0.0006769088746831595,1.0,1.0,1.0,1.0,300,0,0,300,1.0,1.0,1.0,1.0,100,0,0,100,1.0,1.0,1.0,1.0,100,0,0,100
Moons_2D_Wide,10,600,200,200,1000,999,2.981458798999995,0.00016718913506178133,0.0002012978442042361,0.002655289377191531,1.0,1.0,1.0,1.0,300,0,0,300,1.0,1.0,1.0,1.0,100,0,0,100,1.0,1.0,1.0,1.0,100,0,0,100
Moons_2D_Wide,11,600,200,200,1000,998,3.072592403000044,0.00019175424476002787,0.00019138788428300194,0.0016530758559475112,1.0,1.0,1.0,1.0,300,0,0,300,1.0,1.0,1.0,1.0,100,0,0,100,1.0,1.0,1.0,1.0,100,0,0,100
Moons_2D_Wide,12,600,200,200,1000,999,2.920828224000047,0.00014773380925039986,0.0009849080229461786,0.0018153322631387957,1.0,1.0,1.0,1.0,300,0,0,300,1.0,1.0,1.0,1.0,100,0,0,100,1.0,1.0,1.0,1.0,100,0,0,100
Moons_2D_Wide,13,600,200,200,1000,1000,2.9428776040000457,0.00017448430152671197,0.0003039773911049531,0.0022984743479696704,1.0,1.0,1.0,1.0,300,0,0,300,1.0,1.0,1.0,1.0,100,0,0,100,1.0,1.0,1.0,1.0,100,0,0,100
Moons_2D_Wide,14,600,200,200,1000,975,2.9361689870000305,0.00021349118451295963,0.0001086985980914105,0.00010580225684344396,1.0,1.0,1.0,1.0,300,0,0,300,1.0,1.0,1.0,1.0,100,0,0,100,1.0,1.0,1.0,1.0,100,0,0,100
Moons_2D_Wide,15,600,200,200,1000,995,2.915414138000017,0.0002314393112053915,0.00017730839316998321,0.00010562306464490988,1.0,1.0,1.0,1.0,300,0,0,300,1.0,1.0,1.0,1.0,100,0,0,100,1.0,1.0,1.0,1.0,100,0,0,100
Moons_2D_Wide,16,600,200,200,447,397,1.3458247389999656,0.00026594418084912474,0.009737072637458877,0.0007987072137211426,1.0,1.0,1.0,1.0,300,0,0,300,0.995,0.9900990099009901,1.0,0.9950248756218906,99,1,0,100,1.0,1.0,1.0,1.0,100,0,0,100
Moons_2D_Wide,17,600,200,200,1000,998,2.885864500000025,0.00020570873030498785,0.0002796315841254872,0.0002280014953825892,1.0,1.0,1.0,1.0,300,0,0,300,1.0,1.0,1.0,1.0,100,0,0,100,1.0,1.0,1.0,1.0,100,0,0,100
Moons_2D_Wide,18,600,200,200,516,466,1.537979336000035,0.00041148690721430414,0.0013621174990987586,0.00041346988615198965,1.0,1.0,1.0,1.0,300,0,0,300,1.0,1.0,1.0,1.0,100,0,0,100,1.0,1.0,1.0,1.0,100,0,0,100
Moons_2D_Wide,19,600,200,200,1000,995,2.9524776950000273,0.00020267560792286917,0.00010949467053206488,0.0002362731733435711,1.0,1.0,1.0,1.0,300,0,0,300,1.0,1.0,1.0,1.0,100,0,0,100,1.0,1.0,1.0,1.0,100,0,0,100
Moons_2D_Wide,20,600,200,200,537,487,1.5724653110000304,0.00019188174629978098,0.004245987632175419,0.015676750936152364,1.0,1.0,1.0,1.0,300,0,0,300,1.0,1.0,1.0,1.0,100,0,0,100,0.99,0.99,0.99,0.99,99,1,1,99
Moons_2D_Wide,21,600,200,200,128,78,0.3764218880000385,0.004883902978575717,0.01819408600314292,0.006660178944924346,1.0,1.0,1.0,1.0,300,0,0,300,0.995,0.9900990099009901,1.0,0.9950248756218906,99,1,0,100,1.0,1.0,1.0,1.0,100,0,0,100
Moons_2D_Wide,22,600,200,200,1000,993,3.0164967759999968,0.00017334818949064318,0.00013582861648688222,0.0015983695128216327,1.0,1.0,1.0,1.0,300,0,0,300,1.0,1.0,1.0,1.0,100,0,0,100,1.0,1.0,1.0,1.0,100,0,0,100
Moons_2D_Wide,23,600,200,200,283,233,0.867614618999994,0.0009306426538545966,0.005350021407968816,0.0010271699634055412,1.0,1.0,1.0,1.0,300,0,0,300,1.0,1.0,1.0,1.0,100,0,0,100,1.0,1.0,1.0,1.0,100,0,0,100
Moons_2D_Wide,24,600,200,200,339,289,1.0086163759999636,0.0006845770082092908,0.0024386508111470264,0.0005299187922258405,1.0,1.0,1.0,1.0,300,0,0,300,1.0,1.0,1.0,1.0,100,0,0,100,1.0,1.0,1.0,1.0,100,0,0,100
Moons_2D_Wide,25,600,200,200,1000,997,3.1610351589999937,0.0001310915949047449,0.000819502693798969,0.010883354506360488,1.0,1.0,1.0,1.0,300,0,0,300,1.0,1.0,1.0,1.0,100,0,0,100,0.995,0.9900990099009901,1.0,0.9950248756218906,99,1,0,100
Moons_2D_Wide,26,600,200,200,1000,981,2.941582057000005,0.00015425986575199184,0.00018101570419415202,0.022147878765020005,1.0,1.0,1.0,1.0,300,0,0,300,1.0,1.0,1.0,1.0,100,0,0,100,0.995,0.9900990099009901,1.0,0.9950248756218906,99,1,0,100
Moons_2D_Wide,27,600,200,200,1000,992,2.9512445039999875,0.00017436416253252928,0.00013055327736503951,0.00019562625781426306,1.0,1.0,1.0,1.0,300,0,0,300,1.0,1.0,1.0,1.0,100,0,0,100,1.0,1.0,1.0,1.0,100,0,0,100
Moons_2D_Wide,28,600,200,200,930,880,2.8010966899999516,0.00020086326468921894,0.00450487023919277,0.00019565918417209372,1.0,1.0,1.0,1.0,300,0,0,300,1.0,1.0,1.0,1.0,100,0,0,100,1.0,1.0,1.0,1.0,100,0,0,100
Moons_2D_Wide,29,600,200,200,849,799,2.5876773960000037,0.00027483657031584987,0.0002956100152075805,0.00010639823567178866,1.0,1.0,1.0,1.0,300,0,0,300,1.0,1.0,1.0,1.0,100,0,0,100,1.0,1.0,1.0,1.0,100,0,0,100
Moons_2D_Narrow,0,600,200,200,175,125,0.5156829169999924,0.003507015230056137,0.013381057320503969,0.008291409870743288,1.0,1.0,1.0,1.0,300,0,0,300,0.995,0.9900990099009901,1.0,0.9950248756218906,99,1,0,100,1.0,1.0,1.0,1.0,100,0,0,100
Moons_2D_Narrow,1,600,200,200,367,317,1.0961256820000358,0.0045269873655449395,0.0030381282839985323,0.0006697924426578517,0.9983333333333333,0.9966777408637874,1.0,0.9983361064891847,299,1,0,300,1.0,1.0,1.0,1.0,100,0,0,100,1.0,1.0,1.0,1.0,100,0,0,100
Moons_2D_Narrow,2,600,200,200,165,115,0.49962692799999786,0.0021321030753254076,0.011996641485998527,0.05840208846502617,1.0,1.0,1.0,1.0,300,0,0,300,0.99,0.9803921568627451,1.0,0.99009900990099,98,2,0,100,0.985,0.98989898989899,0.98,0.9849246231155778,99,1,2,98
Moons_2D_Narrow,3,600,200,200,352,302,1.0265119560000358,0.005594358297756792,0.005191589472575054,0.000577965921002923,0.9983333333333333,0.9966777408637874,1.0,0.9983361064891847,299,1,0,300,1.0,1.0,1.0,1.0,100,0,0,100,1.0,1.0,1.0,1.0,100,0,0,100
Moons_2D_Narrow,4,600,200,200,195,145,0.5670585039999878,0.005425279022970486,0.0037937573965443716,0.009892013096051807,0.9983333333333333,0.9966777408637874,1.0,0.9983361064891847,299,1,0,300,1.0,1.0,1.0,1.0,100,0,0,100,0.995,0.9900990099009901,1.0,0.9950248756218906,99,1,0,100
Moons_2D_Narrow,5,600,200,200,563,513,1.667295055000011,0.005528401814108238,0.0005151785501505063,0.0006621053316937885,0.9983333333333333,0.9966777408637874,1.0,0.9983361064891847,299,1,0,300,1.0,1.0,1.0,1.0,100,0,0,100,1.0,1.0,1.0,1.0,100,0,0,100
Moons_2D_Narrow,6,600,200,200,198,148,0.569917342999986,0.006951723178182307,0.00751368109635867,0.001312433083121252,0.9983333333333333,0.9966777408637874,1.0,0.9983361064891847,299,1,0,300,0.995,0.9900990099009901,1.0,0.9950248756218906,99,1,0,100,1.0,1.0,1.0,1.0,100,0,0,100
Moons_2D_Narrow,7,600,200,200,180,130,0.5252011160000052,0.004250257507295809,0.006607042554838204,0.009078170637595182,1.0,1.0,1.0,1.0,300,0,0,300,0.995,0.9900990099009901,1.0,0.9950248756218906,99,1,0,100,1.0,1.0,1.0,1.0,100,0,0,100
Moons_2D_Narrow,8,600,200,200,816,766,2.3502616009999997,0.0020779188107216172,5.60830384615345e-05,0.002642804946105314,0.9983333333333333,0.9966777408637874,1.0,0.9983361064891847,299,1,0,300,1.0,1.0,1.0,1.0,100,0,0,100,1.0,1.0,1.0,1.0,100,0,0,100
Moons_2D_Narrow,9,600,200,200,737,687,2.1590384699999845,0.0009151389959474968,0.004044096635484659,0.017436517132615747,1.0,1.0,1.0,1.0,300,0,0,300,0.995,1.0,0.99,0.9949748743718593,100,0,1,99,0.995,1.0,0.99,0.9949748743718593,100,0,1,99
Moons_2D_Narrow,10,600,200,200,221,171,0.6421567379999829,0.004130088667896875,0.0012905839125672888,0.0069104914502122515,0.9983333333333333,0.9966777408637874,1.0,0.9983361064891847,299,1,0,300,1.0,1.0,1.0,1.0,100,0,0,100,0.995,0.9900990099009901,1.0,0.9950248756218906,99,1,0,100
Moons_2D_Narrow,11,600,200,200,441,391,1.2770853700000089,0.0031995131559194325,0.0012282675579328981,0.010078285365507344,0.9983333333333333,0.9966777408637874,1.0,0.9983361064891847,299,1,0,300,1.0,1.0,1.0,1.0,100,0,0,100,0.995,0.9900990099009901,1.0,0.9950248756218906,99,1,0,100
Moons_2D_Narrow,12,600,200,200,120,70,0.3457418400000165,0.008180346932588305,0.010849638020281565,0.0134280528849119,0.9983333333333333,0.9966777408637874,1.0,0.9983361064891847,299,1,0,300,0.995,1.0,0.99,0.9949748743718593,100,0,1,99,0.995,1.0,0.99,0.9949748743718593,100,0,1,99
Moons_2D_Narrow,13,600,200,200,248,198,0.7155900059999567,0.0028064076925430038,0.002224036769010824,0.017942648246573406,1.0,1.0,1.0,1.0,300,0,0,300,1.0,1.0,1.0,1.0,100,0,0,100,0.995,0.9900990099009901,1.0,0.9950248756218906,99,1,0,100
Moons_2D_Narrow,14,600,200,200,418,368,1.2614317779999737,0.00316509176463924,0.00044645973594030844,0.0013722138411910605,0.9983333333333333,0.9966777408637874,1.0,0.9983361064891847,299,1,0,300,1.0,1.0,1.0,1.0,100,0,0,100,1.0,1.0,1.0,1.0,100,0,0,100
Moons_2D_Narrow,15,600,200,200,236,186,0.6955382429999872,0.005030436478259676,0.002540559544034102,0.0018428187594639752,0.9983333333333333,0.9966777408637874,1.0,0.9983361064891847,299,1,0,300,1.0,1.0,1.0,1.0,100,0,0,100,1.0,1.0,1.0,1.0,100,0,0,100
Moons_2D_Narrow,16,600,200,200,99,49,0.2973584019999862,0.008198905998047306,0.02831170053930824,0.010611162010410102,1.0,1.0,1.0,1.0,300,0,0,300,0.995,0.9900990099009901,1.0,0.9950248756218906,99,1,0,100,0.995,0.9900990099009901,1.0,0.9950248756218906,99,1,0,100
Moons_2D_Narrow,17,600,200,200,781,731,2.282172725999999,0.0012446536131232259,0.00041522315780139054,0.0032872937055996175,1.0,1.0,1.0,1.0,300,0,0,300,1.0,1.0,1.0,1.0,100,0,0,100,1.0,1.0,1.0,1.0,100,0,0,100
Moons_2D_Narrow,18,600,200,200,227,177,0.6679451560000302,0.004124695697823116,0.008592534203902952,0.0020097738648448206,0.9983333333333333,0.9966777408637874,1.0,0.9983361064891847,299,1,0,300,0.995,0.9900990099009901,1.0,0.9950248756218906,99,1,0,100,1.0,1.0,1.0,1.0,100,0,0,100
Moons_2D_Narrow,19,600,200,200,211,161,0.6234654620000128,0.005711770937102403,0.0019638504842600206,0.0032155408991526957,0.9983333333333333,0.9966777408637874,1.0,0.9983361064891847,299,1,0,300,1.0,1.0,1.0,1.0,100,0,0,100,1.0,1.0,1.0,1.0,100,0,0,100
Moons_2D_Narrow,20,600,200,200,154,104,0.45667142199999944,0.0024568697214889623,0.018234302401375163,0.037742312474467125,1.0,1.0,1.0,1.0,300,0,0,300,0.99,0.99,0.99,0.99,99,1,1,99,0.99,0.99,0.99,0.99,99,1,1,99
Moons_2D_Narrow,21,600,200,200,128,78,0.3820498369999541,0.007460072165828541,0.02529665409091411,0.010925507982030907,1.0,1.0,1.0,1.0,300,0,0,300,0.995,0.9900990099009901,1.0,0.9950248756218906,99,1,0,100,0.995,1.0,0.99,0.9949748743718593,100,0,1,99
Moons_2D_Narrow,22,600,200,200,286,236,0.8502883429999883,0.004016332322793238,0.0013784607413470293,0.0052167877249016835,0.9983333333333333,0.9966777408637874,1.0,0.9983361064891847,299,1,0,300,1.0,1.0,1.0,1.0,100,0,0,100,0.995,0.9900990099009901,1.0,0.9950248756218906,99,1,0,100
Moons_2D_Narrow,23,600,200,200,100,50,0.2974724169999945,0.00855592264429166,0.02301581250265413,0.011381088233123624,1.0,1.0,1.0,1.0,300,0,0,300,0.995,0.9900990099009901,1.0,0.9950248756218906,99,1,0,100,1.0,1.0,1.0,1.0,100,0,0,100
Moons_2D_Narrow,24,600,200,200,195,145,0.564080712999953,0.0053035953423903135,0.0058095039612415765,0.0013057261127230784,0.9983333333333333,0.9966777408637874,1.0,0.9983361064891847,299,1,0,300,0.995,0.9900990099009901,1.0,0.9950248756218906,99,1,0,100,1.0,1.0,1.0,1.0,100,0,0,100
Moons_2D_Narrow,25,600,200,200,1000,987,2.9234829249999734,0.0004037959685042734,0.0024056043167125975,0.042123875737591715,1.0,1.0,1.0,1.0,300,0,0,300,1.0,1.0,1.0,1.0,100,0,0,100,0.995,0.9900990099009901,1.0,0.9950248756218906,99,1,0,100
Moons_2D_Narrow,26,600,200,200,208,158,0.5912569009999515,0.0035344066575280085,0.0032343592212596118,0.02650185027852674,1.0,1.0,1.0,1.0,300,0,0,300,1.0,1.0,1.0,1.0,100,0,0,100,0.995,0.9900990099009901,1.0,0.9950248756218906,99,1,0,100
Moons_2D_Narrow,27,600,200,200,371,321,1.0855915440000103,0.004539878173270509,0.00030490697728341156,0.0013559650240876425,0.9983333333333333,0.9966777408637874,1.0,0.9983361064891847,299,1,0,300,1.0,1.0,1.0,1.0,100,0,0,100,1.0,1.0,1.0,1.0,100,0,0,100
Moons_2D_Narrow,28,600,200,200,335,285,0.9631983080000168,0.0033569495627013258,0.014272844721681523,0.0004606576980738588,0.9983333333333333,0.9966777408637874,1.0,0.9983361064891847,299,1,0,300,0.99,0.99,0.99,0.99,99,1,1,99,1.0,1.0,1.0,1.0,100,0,0,100
Moons_2D_Narrow,29,600,200,200,794,744,2.309779665999997,0.0021059121348625883,0.00040526534578095295,0.0010596410924966937,0.9983333333333333,0.9966777408637874,1.0,0.9983361064891847,299,1,0,300,1.0,1.0,1.0,1.0,100,0,0,100,1.0,1.0,1.0,1.0,100,0,0,100
Moons_2D_Overlap,0,600,200,200,117,67,0.3517355500000008,0.13655021766113265,0.20582315397798856,0.15965171185485647,0.95,0.9470198675496688,0.9533333333333334,0.9501661129568105,284,16,14,286,0.915,0.9108910891089109,0.92,0.9154228855721394,91,9,8,92,0.945,0.978494623655914,0.91,0.9430051813471503,98,2,9,91
Moons_2D_Overlap,1,600,200,200,136,86,0.3994142060000172,0.13955996316586222,0.14887555883986864,0.23867972388196215,0.9433333333333334,0.9262820512820513,0.9633333333333334,0.9444444444444445,277,23,11,289,0.95,0.9591836734693877,0.94,0.9494949494949495,96,4,6,94,0.9,0.8921568627450981,0.91,0.900990099009901,89,11,9,91
Moons_2D_Overlap,2,600,200,200,247,197,0.7207004339999799,0.1315652799036446,0.10057036764900165,0.2705965134622169,0.955,0.9565217391304348,0.9533333333333334,0.9549248747913189,287,13,14,286,0.975,0.9611650485436893,0.99,0.9753694581280788,96,4,1,99,0.92,0.8962264150943396,0.95,0.9223300970873787,89,11,5,95
Moons_2D_Overlap,3,600,200,200,114,64,0.33540406499997744,0.15995329452468438,0.18967104210670535,0.1642721276317097,0.9383333333333334,0.9614035087719298,0.9133333333333333,0.9367521367521368,289,11,26,274,0.905,0.900990099009901,0.91,0.9054726368159204,90,10,9,91,0.935,0.9578947368421052,0.91,0.9333333333333333,96,4,9,91
Moons_2D_Overlap,4,600,200,200,288,238,0.8442361390000315,0.13525477438889422,0.15073950413525572,0.17794932643921432,0.945,0.9292604501607717,0.9633333333333334,0.9459901800327333,278,22,11,289,0.95,0.95,0.95,0.9500000000000001,95,5,5,95,0.95,0.9411764705882353,0.96,0.9504950495049505,94,6,4,96
Moons_2D_Overlap,5,600,200,200,302,252,0.8827995600000236,0.12630828664019825,0.12082422797134189,0.23559931233958983,0.9533333333333334,0.9563758389261745,0.95,0.9531772575250835,287,13,15,285,0.955,0.9595959595959596,0.95,0.9547738693467336,96,4,5,95,0.93,0.9387755102040817,0.92,0.9292929292929293,94,6,8,92
Moons_2D_Overlap,6,600,200,200,90,40,0.2603543440000067,0.3304683311197571,0.3072701486864357,0.2950069740284434,0.8666666666666667,0.8459119496855346,0.8966666666666666,0.8705501618122977,251,49,31,269,0.87,0.87,0.87,0.87,87,13,13,87,0.895,0.883495145631068,0.91,0.896551724137931,88,12,9,91
Moons_2D_Overlap,7,600,200,200,188,138,0.5497456889999626,0.15411408199499338,0.11800307699289511,0.1771191182158234,0.9433333333333334,0.9618055555555556,0.9233333333333333,0.9421768707482994,289,11,23,277,0.955,0.9595959595959596,0.95,0.9547738693467336,96,4,5,95,0.92,0.9666666666666667,0.87,0.9157894736842105,97,3,13,87
Moons_2D_Overlap,8,600,200,200,308,258,0.9198620139999889,0.12441040425626815,0.1392547537204697,0.20663332749207505,0.955,0.9361022364217252,0.9766666666666667,0.9559543230016313,280,20,7,293,0.955,0.9595959595959596,0.95,0.9547738693467336,96,4,5,95,0.93,0.9134615384615384,0.95,0.9313725490196078,91,9,5,95
Moons_2D_Overlap,9,600,200,200,190,140,0.5789543320000234,0.14824004319076883,0.18083495806375383,0.10725334525847799,0.9433333333333334,0.9290322580645162,0.96,0.9442622950819672,278,22,12,288,0.925,0.9381443298969072,0.91,0.9238578680203046,94,6,9,91,0.955,0.9595959595959596,0.95,0.9547738693467336,96,4,5,95
Moons_2D_Overlap,10,600,200,200,156,106,0.4706629490000296,0.19097860220138727,0.09244289225078034,0.1252682792185728,0.9233333333333333,0.9205298013245033,0.9266666666666666,0.9235880398671096,276,24,22,278,0.965,0.9696969696969697,0.96,0.964824120603015,97,3,4,96,0.94,0.9489795918367347,0.93,0.9393939393939393,95,5,7,93
Moons_2D_Overlap,11,600,200,200,227,177,0.659391754000012,0.14259440394416706,0.10036799345602326,0.2018374373121872,0.9433333333333334,0.9403973509933775,0.9466666666666667,0.9435215946843853,282,18,16,284,0.965,0.9514563106796117,0.98,0.9655172413793104,95,5,2,98,0.935,0.9306930693069307,0.94,0.9353233830845772,93,7,6,94
Moons_2D_Overlap,12,600,200,200,195,145,0.5624093399999879,0.13275318176896142,0.15292379913465706,0.20104258502996114,0.9516666666666667,0.9413680781758957,0.9633333333333334,0.9522240527182866,282,18,11,289,0.96,0.9509803921568627,0.97,0.9603960396039604,95,5,3,97,0.925,0.9381443298969072,0.91,0.9238578680203046,94,6,9,91
Moons_2D_Overlap,13,600,200,200,143,93,0.4384980219999761,0.14437856956011388,0.1759182859273727,0.14673794390338055,0.95,0.9354838709677419,0.9666666666666667,0.9508196721311476,280,20,10,290,0.935,0.9484536082474226,0.92,0.9340101522842639,95,5,8,92,0.96,0.9423076923076923,0.98,0.9607843137254902,94,6,2,98
Moons_2D_Overlap,14,600,200,200,174,124,0.5066985320000299,0.17202329548609677,0.10305453330212877,0.15211900021832103,0.935,0.9278688524590164,0.9433333333333334,0.9355371900826447,278,22,17,283,0.945,0.978494623655914,0.91,0.9430051813471503,98,2,9,91,0.945,0.9405940594059405,0.95,0.9452736318407959,94,6,5,95
Moons_2D_Overlap,15,600,200,200,290,240,0.8315192480000064,0.1339996731975619,0.12434020717514477,0.18783903625374976,0.9466666666666667,0.95578231292517,0.9366666666666666,0.946127946127946,287,13,19,281,0.955,0.9504950495049505,0.96,0.9552238805970149,95,5,4,96,0.93,0.9056603773584906,0.96,0.9320388349514563,90,10,4,96
Moons_2D_Overlap,16,600,200,200,65,15,0.19193276300001116,0.19910416990693838,0.17930026525331727,0.17834471469943655,0.9266666666666666,0.9295302013422819,0.9233333333333333,0.9264214046822743,279,21,23,277,0.935,0.9223300970873787,0.95,0.9359605911330049,92,8,5,95,0.93,0.9479166666666666,0.91,0.9285714285714285,95,5,9,91
Moons_2D_Overlap,17,600,200,200,346,296,1.0438522079999757,0.1385713064656473,0.15662682959865212,0.16035518058719922,0.9483333333333334,0.9381107491856677,0.96,0.9489291598023064,281,19,12,288,0.94,0.9313725490196079,0.95,0.9405940594059405,93,7,5,95,0.945,0.9405940594059405,0.95,0.9452736318407959,94,6,5,95
Moons_2D_Overlap,18,600,200,200,139,89,0.3985816460000251,0.17007800169894927,0.11026180389635545,0.10970126917375453,0.9316666666666666,0.9450171821305842,0.9166666666666666,0.9306260575296107,284,16,25,275,0.95,0.9411764705882353,0.96,0.9504950495049505,94,6,4,96,0.945,0.9405940594059405,0.95,0.9452736318407959,94,6,5,95
Moons_2D_Overlap,19,600,200,200,103,53,0.2965384150000432,0.17804767149683234,0.10491063513467477,0.13185442192058303,0.9316666666666666,0.9302325581395349,0.9333333333333333,0.9317803660565723,279,21,20,280,0.965,0.9514563106796117,0.98,0.9655172413793104,95,5,2,98,0.935,0.9142857142857143,0.96,0.9365853658536586,91,9,4,96
Moons_2D_Overlap,20,600,200,200,91,41,0.2636995060000231,0.12780631827059794,0.16997162395520618,0.2405757263162635,0.955,0.941747572815534,0.97,0.9556650246305418,282,18,9,291,0.945,0.9405940594059405,0.95,0.9452736318407959,94,6,5,95,0.915,0.9108910891089109,0.92,0.9154228855721394,91,9,8,92
Moons_2D_Overlap,21,600,200,200,86,36,0.2584046050000097,0.14509540521744366,0.21906556334467048,0.24204743516097804,0.945,0.9556313993174061,0.9333333333333333,0.9443507588532883,287,13,20,280,0.93,0.9387755102040817,0.92,0.9292929292929293,94,6,8,92,0.91,0.9019607843137255,0.92,0.9108910891089109,90,10,8,92
Moons_2D_Overlap,22,600,200,200,106,56,0.3153005519999965,0.16295216670822488,0.13069321249206164,0.1173648392145283,0.9383333333333334,0.939799331103679,0.9366666666666666,0.9382303839732888,282,18,19,281,0.95,0.9591836734693877,0.94,0.9494949494949495,96,4,6,94,0.96,0.96,0.96,0.96,96,4,4,96
Moons_2D_Overlap,23,600,200,200,105,55,0.30827653800002963,0.18848061473452604,0.14709135427533732,0.1641875647951219,0.9333333333333333,0.9642857142857143,0.9,0.9310344827586207,290,10,30,270,0.935,0.9484536082474226,0.92,0.9340101522842639,95,5,8,92,0.925,0.9292929292929293,0.92,0.9246231155778895,93,7,8,92
Moons_2D_Overlap,24,600,200,200,104,54,0.2997838439999896,0.14556770914366174,0.15750192789430262,0.14959309150044084,0.95,0.9655172413793104,0.9333333333333333,0.9491525423728815,290,10,20,280,0.935,0.9393939393939394,0.93,0.9346733668341709,94,6,7,93,0.945,0.9494949494949495,0.94,0.9447236180904524,95,5,6,94
Moons_2D_Overlap,25,600,200,200,118,68,0.3433295570000041,0.15222168597264332,0.13315995640591205,0.14473638695035804,0.945,0.9525423728813559,0.9366666666666666,0.9445378151260504,286,14,19,281,0.96,0.9693877551020408,0.95,0.9595959595959594,97,3,5,95,0.945,0.9320388349514563,0.96,0.9458128078817734,93,7,4,96
Moons_2D_Overlap,26,600,200,200,149,99,0.44887916800001904,0.15402029190842167,0.1340285758464873,0.22075527779227888,0.9483333333333334,0.932475884244373,0.9666666666666667,0.9492635024549918,279,21,10,290,0.95,0.9591836734693877,0.94,0.9494949494949495,96,4,6,94,0.945,0.9158878504672897,0.98,0.9468599033816426,91,9,2,98
Moons_2D_Overlap,27,600,200,200,126,76,0.36044832200002475,0.12751705561124557,0.18427679038521735,0.16609199767460417,0.95,0.9383116883116883,0.9633333333333334,0.9506578947368423,281,19,11,289,0.94,0.9489795918367347,0.93,0.9393939393939393,95,5,7,93,0.94,0.9313725490196079,0.95,0.9405940594059405,93,7,5,95
Moons_2D_Overlap,28,600,200,200,139,89,0.40264022599995997,0.1428896113274533,0.16805311713306426,0.1389845271806703,0.9533333333333334,0.9503311258278145,0.9566666666666667,0.9534883720930233,285,15,13,287,0.935,0.9306930693069307,0.94,0.9353233830845772,93,7,6,94,0.955,0.9595959595959596,0.95,0.9547738693467336,96,4,5,95
Moons_2D_Overlap,29,600,200,200,265,215,0.7597345649999738,0.13207441041425888,0.11561074678199673,0.21909454215590174,0.95,0.9530201342281879,0.9466666666666667,0.9498327759197325,286,14,16,284,0.96,0.96,0.96,0.96,96,4,4,96,0.935,0.9393939393939394,0.93,0.9346733668341709,94,6,7,93
