dataset,n_total,dimensions,centroid_distance,pooled_within_sd,separation_index,ceiling_accuracy,ceiling_method
Gaussian_2D_Wide,200,2,5.663600403453622,1.0239816268470583,5.530959008407615,0.99786,Gaussian Bayes
Gaussian_2D_Narrow,200,2,4.478623119888525,0.9561045742016063,4.684239821390241,0.989445,Gaussian Bayes
Gaussian_2D_Overlap,200,2,2.988452698303921,1.0079364520539087,2.964921739078136,0.9245475,Gaussian Bayes
Gaussian_3D_Wide,200,3,7.16959907456477,0.967418167780591,7.411065156046175,0.999775,Gaussian Bayes
Gaussian_3D_Narrow,200,3,5.23417978865839,1.0188893381876845,5.137142565421789,0.9944725,Gaussian Bayes
Gaussian_3D_Overlap,200,3,3.6397121218579915,0.9953027765111315,3.656889348401496,0.960395,Gaussian Bayes
Moons_2D_Wide,1000,2,1.2667309180040787,0.5139999929387067,2.464457072774967,0.999,15-NN leave-one-out
Moons_2D_Narrow,1000,2,1.2690571900671064,0.519938308467375,2.440784164967404,0.997,15-NN leave-one-out
Moons_2D_Overlap,1000,2,1.2812725747401807,0.5771334115334622,2.2200630723073163,0.946,15-NN leave-one-out
